[
   {
      "pk": 1, 
      "model": "geo.video", 
      "fields": {
         "video": "Track201210311435.ogv"
      }
   }, 
   {
      "pk": 2, 
      "model": "geo.video", 
      "fields": {
         "video": "Track201210311143.ogv"
      }
   }, 
   {
      "pk": 3, 
      "model": "geo.video", 
      "fields": {
         "video": "Track201210311152.ogv"
      }
   }, 
   {
      "pk": 4, 
      "model": "geo.video", 
      "fields": {
         "video": "Track201210311219.ogv"
      }
   }, 
   {
      "pk": 5, 
      "model": "geo.video", 
      "fields": {
         "video": "Track201210311214.ogv"
      }
   }, 
   {
      "pk": 6, 
      "model": "geo.video", 
      "fields": {
         "video": "Track201210311425.ogv"
      }
   }, 
   {
      "pk": 7, 
      "model": "geo.video", 
      "fields": {
         "video": "Track201210311207.ogv"
      }
   }, 
   {
      "pk": 8, 
      "model": "geo.video", 
      "fields": {
         "video": "Track201210311312.ogv"
      }
   }, 
   {
      "pk": 9, 
      "model": "geo.video", 
      "fields": {
         "video": "Track201210311340.ogv"
      }
   }, 
   {
      "pk": 10, 
      "model": "geo.video", 
      "fields": {
         "video": "Track201210311343.ogv"
      }
   }, 
   {
      "pk": 1, 
      "model": "geo.mappoint", 
      "fields": {
         "lat": "49.4852107", 
         "lon": "8.4638544", 
         "address": null
      }
   }, 
   {
      "pk": 2, 
      "model": "geo.mappoint", 
      "fields": {
         "lat": "49.4852546", 
         "lon": "8.4637502", 
         "address": null
      }
   }, 
   {
      "pk": 3, 
      "model": "geo.mappoint", 
      "fields": {
         "lat": "49.4852938", 
         "lon": "8.4636518", 
         "address": null
      }
   }, 
   {
      "pk": 4, 
      "model": "geo.mappoint", 
      "fields": {
         "lat": "49.4855479", 
         "lon": "8.4630022", 
         "address": null
      }
   }, 
   {
      "pk": 5, 
      "model": "geo.mappoint", 
      "fields": {
         "lat": "49.4858893", 
         "lon": "8.4621698", 
         "address": null
      }
   }, 
   {
      "pk": 6, 
      "model": "geo.mappoint", 
      "fields": {
         "lat": "49.4861799", 
         "lon": "8.4614232", 
         "address": null
      }
   }, 
   {
      "pk": 7, 
      "model": "geo.mappoint", 
      "fields": {
         "lat": "49.4862029", 
         "lon": "8.4613631", 
         "address": null
      }
   }, 
   {
      "pk": 8, 
      "model": "geo.mappoint", 
      "fields": {
         "lat": "49.4865283", 
         "lon": "8.4605354", 
         "address": null
      }
   }, 
   {
      "pk": 9, 
      "model": "geo.mappoint", 
      "fields": {
         "lat": "49.4868554", 
         "lon": "8.4596854", 
         "address": null
      }
   }, 
   {
      "pk": 10, 
      "model": "geo.mappoint", 
      "fields": {
         "lat": "49.4872970", 
         "lon": "8.4585423", 
         "address": null
      }
   }, 
   {
      "pk": 11, 
      "model": "geo.mappoint", 
      "fields": {
         "lat": "49.4871792", 
         "lon": "8.4588456", 
         "address": null
      }
   }, 
   {
      "pk": 12, 
      "model": "geo.mappoint", 
      "fields": {
         "lat": "49.4870562", 
         "lon": "8.4591472", 
         "address": null
      }
   }, 
   {
      "pk": 13, 
      "model": "geo.mappoint", 
      "fields": {
         "lat": "49.4868949", 
         "lon": "8.4595852", 
         "address": null
      }
   }, 
   {
      "pk": 14, 
      "model": "geo.mappoint", 
      "fields": {
         "lat": "49.4842811", 
         "lon": "8.4629968", 
         "address": null
      }
   }, 
   {
      "pk": 15, 
      "model": "geo.mappoint", 
      "fields": {
         "lat": "49.4843343", 
         "lon": "8.4630467", 
         "address": null
      }
   }, 
   {
      "pk": 16, 
      "model": "geo.mappoint", 
      "fields": {
         "lat": "49.4844795", 
         "lon": "8.4630728", 
         "address": null
      }
   }, 
   {
      "pk": 17, 
      "model": "geo.mappoint", 
      "fields": {
         "lat": "49.4845533", 
         "lon": "8.4631109", 
         "address": null
      }
   }, 
   {
      "pk": 18, 
      "model": "geo.mappoint", 
      "fields": {
         "lat": "49.4846703", 
         "lon": "8.4631971", 
         "address": null
      }
   }, 
   {
      "pk": 19, 
      "model": "geo.mappoint", 
      "fields": {
         "lat": "49.4851858", 
         "lon": "8.4639183", 
         "address": null
      }
   }, 
   {
      "pk": 20, 
      "model": "geo.mappoint", 
      "fields": {
         "lat": "49.4853696", 
         "lon": "8.4639927", 
         "address": null
      }
   }, 
   {
      "pk": 21, 
      "model": "geo.mappoint", 
      "fields": {
         "lat": "49.4856860", 
         "lon": "8.4642849", 
         "address": null
      }
   }, 
   {
      "pk": 22, 
      "model": "geo.mappoint", 
      "fields": {
         "lat": "49.4860599", 
         "lon": "8.4646360", 
         "address": null
      }
   }, 
   {
      "pk": 23, 
      "model": "geo.mappoint", 
      "fields": {
         "lat": "49.4862020", 
         "lon": "8.4647676", 
         "address": null
      }
   }, 
   {
      "pk": 24, 
      "model": "geo.mappoint", 
      "fields": {
         "lat": "49.4865640", 
         "lon": "8.4651023", 
         "address": null
      }
   }, 
   {
      "pk": 25, 
      "model": "geo.mappoint", 
      "fields": {
         "lat": "49.4869930", 
         "lon": "8.4654988", 
         "address": null
      }
   }, 
   {
      "pk": 26, 
      "model": "geo.mappoint", 
      "fields": {
         "lat": "49.4870302", 
         "lon": "8.4655343", 
         "address": null
      }
   }, 
   {
      "pk": 27, 
      "model": "geo.mappoint", 
      "fields": {
         "lat": "49.4870534", 
         "lon": "8.4655565", 
         "address": null
      }
   }, 
   {
      "pk": 28, 
      "model": "geo.mappoint", 
      "fields": {
         "lat": "49.4876117", 
         "lon": "8.4660569", 
         "address": null
      }
   }, 
   {
      "pk": 29, 
      "model": "geo.mappoint", 
      "fields": {
         "lat": "49.4878795", 
         "lon": "8.4663145", 
         "address": null
      }
   }, 
   {
      "pk": 30, 
      "model": "geo.mappoint", 
      "fields": {
         "lat": "49.4877639", 
         "lon": "8.4662063", 
         "address": null
      }
   }, 
   {
      "pk": 31, 
      "model": "geo.mappoint", 
      "fields": {
         "lat": "49.4876769", 
         "lon": "8.4661178", 
         "address": null
      }
   }, 
   {
      "pk": 32, 
      "model": "geo.mappoint", 
      "fields": {
         "lat": "49.4876422", 
         "lon": "8.4660845", 
         "address": null
      }
   }, 
   {
      "pk": 33, 
      "model": "geo.mappoint", 
      "fields": {
         "lat": "49.4899353", 
         "lon": "8.4682151", 
         "address": null
      }
   }, 
   {
      "pk": 34, 
      "model": "geo.mappoint", 
      "fields": {
         "lat": "49.4898767", 
         "lon": "8.4681646", 
         "address": null
      }
   }, 
   {
      "pk": 35, 
      "model": "geo.mappoint", 
      "fields": {
         "lat": "49.4891278", 
         "lon": "8.4674753", 
         "address": null
      }
   }, 
   {
      "pk": 36, 
      "model": "geo.mappoint", 
      "fields": {
         "lat": "49.4891133", 
         "lon": "8.4674594", 
         "address": null
      }
   }, 
   {
      "pk": 37, 
      "model": "geo.mappoint", 
      "fields": {
         "lat": "49.4883706", 
         "lon": "8.4667738", 
         "address": null
      }
   }, 
   {
      "pk": 38, 
      "model": "geo.mappoint", 
      "fields": {
         "lat": "49.4883684", 
         "lon": "8.4667706", 
         "address": null
      }
   }, 
   {
      "pk": 39, 
      "model": "geo.mappoint", 
      "fields": {
         "lat": "49.4883657", 
         "lon": "8.4667687", 
         "address": null
      }
   }, 
   {
      "pk": 40, 
      "model": "geo.mappoint", 
      "fields": {
         "lat": "49.4864426", 
         "lon": "8.4626802", 
         "address": null
      }
   }, 
   {
      "pk": 41, 
      "model": "geo.mappoint", 
      "fields": {
         "lat": "49.4867189", 
         "lon": "8.4629338", 
         "address": null
      }
   }, 
   {
      "pk": 42, 
      "model": "geo.mappoint", 
      "fields": {
         "lat": "49.4868356", 
         "lon": "8.4626324", 
         "address": null
      }
   }, 
   {
      "pk": 43, 
      "model": "geo.mappoint", 
      "fields": {
         "lat": "49.4870328", 
         "lon": "8.4621230", 
         "address": null
      }
   }, 
   {
      "pk": 44, 
      "model": "geo.mappoint", 
      "fields": {
         "lat": "49.4864658", 
         "lon": "8.4615940", 
         "address": null
      }
   }, 
   {
      "pk": 45, 
      "model": "geo.mappoint", 
      "fields": {
         "lat": "49.4877080", 
         "lon": "8.4663436", 
         "address": null
      }
   }, 
   {
      "pk": 46, 
      "model": "geo.mappoint", 
      "fields": {
         "lat": "49.4874733", 
         "lon": "8.4669598", 
         "address": null
      }
   }, 
   {
      "pk": 47, 
      "model": "geo.mappoint", 
      "fields": {
         "lat": "49.4874242", 
         "lon": "8.4670824", 
         "address": null
      }
   }, 
   {
      "pk": 48, 
      "model": "geo.mappoint", 
      "fields": {
         "lat": "49.4870944", 
         "lon": "8.4679233", 
         "address": null
      }
   }, 
   {
      "pk": 49, 
      "model": "geo.mappoint", 
      "fields": {
         "lat": "49.4870156", 
         "lon": "8.4678444", 
         "address": null
      }
   }, 
   {
      "pk": 50, 
      "model": "geo.mappoint", 
      "fields": {
         "lat": "49.4865490", 
         "lon": "8.4674048", 
         "address": null
      }
   }, 
   {
      "pk": 51, 
      "model": "geo.mappoint", 
      "fields": {
         "lat": "49.4865372", 
         "lon": "8.4673936", 
         "address": null
      }
   }, 
   {
      "pk": 52, 
      "model": "geo.mappoint", 
      "fields": {
         "lat": "49.4863217", 
         "lon": "8.4672081", 
         "address": null
      }
   }, 
   {
      "pk": 53, 
      "model": "geo.mappoint", 
      "fields": {
         "lat": "49.4859615", 
         "lon": "8.4668676", 
         "address": null
      }
   }, 
   {
      "pk": 54, 
      "model": "geo.mappoint", 
      "fields": {
         "lat": "49.4858593", 
         "lon": "8.4667738", 
         "address": null
      }
   }, 
   {
      "pk": 55, 
      "model": "geo.mappoint", 
      "fields": {
         "lat": "49.4857229", 
         "lon": "8.4666491", 
         "address": null
      }
   }, 
   {
      "pk": 56, 
      "model": "geo.mappoint", 
      "fields": {
         "lat": "49.4853942", 
         "lon": "8.4663686", 
         "address": null
      }
   }, 
   {
      "pk": 57, 
      "model": "geo.mappoint", 
      "fields": {
         "lat": "49.4856072", 
         "lon": "8.4658344", 
         "address": null
      }
   }, 
   {
      "pk": 58, 
      "model": "geo.mappoint", 
      "fields": {
         "lat": "49.4857336", 
         "lon": "8.4654985", 
         "address": null
      }
   }, 
   {
      "pk": 59, 
      "model": "geo.mappoint", 
      "fields": {
         "lat": "49.4860514", 
         "lon": "8.4646552", 
         "address": null
      }
   }, 
   {
      "pk": 60, 
      "model": "geo.mappoint", 
      "fields": {
         "lat": "49.4881001", 
         "lon": "8.4653434", 
         "address": null
      }
   }, 
   {
      "pk": 61, 
      "model": "geo.mappoint", 
      "fields": {
         "lat": "49.4884046", 
         "lon": "8.4644943", 
         "address": null
      }
   }, 
   {
      "pk": 62, 
      "model": "geo.mappoint", 
      "fields": {
         "lat": "49.4884140", 
         "lon": "8.4645030", 
         "address": null
      }
   }, 
   {
      "pk": 63, 
      "model": "geo.mappoint", 
      "fields": {
         "lat": "49.4890505", 
         "lon": "8.4628547", 
         "address": null
      }
   }, 
   {
      "pk": 64, 
      "model": "geo.mappoint", 
      "fields": {
         "lat": "49.4890350", 
         "lon": "8.4628404", 
         "address": null
      }
   }, 
   {
      "pk": 65, 
      "model": "geo.mappoint", 
      "fields": {
         "lat": "49.4887216", 
         "lon": "8.4636678", 
         "address": null
      }
   }, 
   {
      "pk": 1, 
      "model": "geo.tracepoint", 
      "fields": {
         "realtimestart": "2012-10-31T13:35:40", 
         "videotimeend": 0, 
         "videotimestart": 0, 
         "realtimeend": "2012-10-31T13:35:40", 
         "mappoint": 1, 
         "video": 1
      }
   }, 
   {
      "pk": 2, 
      "model": "geo.tracepoint", 
      "fields": {
         "realtimestart": "2012-10-31T13:35:46", 
         "videotimeend": 6, 
         "videotimestart": 6, 
         "realtimeend": "2012-10-31T13:35:46", 
         "mappoint": 2, 
         "video": 1
      }
   }, 
   {
      "pk": 98, 
      "model": "geo.tracepoint", 
      "fields": {
         "realtimestart": "2012-10-31T12:16:57", 
         "videotimeend": 282, 
         "videotimestart": 275, 
         "realtimeend": "2012-10-31T12:17:04", 
         "mappoint": 51, 
         "video": 8
      }
   }, 
   {
      "pk": 78, 
      "model": "geo.tracepoint", 
      "fields": {
         "realtimestart": "2012-10-31T11:09:08", 
         "videotimeend": 107, 
         "videotimestart": 82, 
         "realtimeend": "2012-10-31T11:09:33", 
         "mappoint": 37, 
         "video": 7
      }
   }, 
   {
      "pk": 3, 
      "model": "geo.tracepoint", 
      "fields": {
         "realtimestart": "2012-10-31T13:35:57", 
         "videotimeend": 39, 
         "videotimestart": 17, 
         "realtimeend": "2012-10-31T13:36:19", 
         "mappoint": 3, 
         "video": 1
      }
   }, 
   {
      "pk": 47, 
      "model": "geo.tracepoint", 
      "fields": {
         "realtimestart": "2012-10-31T11:20:41", 
         "videotimeend": 102, 
         "videotimestart": 91, 
         "realtimeend": "2012-10-31T11:20:52", 
         "mappoint": 25, 
         "video": 4
      }
   }, 
   {
      "pk": 69, 
      "model": "geo.tracepoint", 
      "fields": {
         "realtimestart": "2012-10-31T13:27:34", 
         "videotimeend": 139, 
         "videotimestart": 122, 
         "realtimeend": "2012-10-31T13:27:51", 
         "mappoint": 42, 
         "video": 6
      }
   }, 
   {
      "pk": 4, 
      "model": "geo.tracepoint", 
      "fields": {
         "realtimestart": "2012-10-31T13:36:27", 
         "videotimeend": 79, 
         "videotimestart": 47, 
         "realtimeend": "2012-10-31T13:36:59", 
         "mappoint": 4, 
         "video": 1
      }
   }, 
   {
      "pk": 59, 
      "model": "geo.tracepoint", 
      "fields": {
         "realtimestart": "2012-10-31T11:16:03", 
         "videotimeend": 108, 
         "videotimestart": 69, 
         "realtimeend": "2012-10-31T11:16:42", 
         "mappoint": 36, 
         "video": 5
      }
   }, 
   {
      "pk": 48, 
      "model": "geo.tracepoint", 
      "fields": {
         "realtimestart": "2012-10-31T11:20:57", 
         "videotimeend": 139, 
         "videotimestart": 107, 
         "realtimeend": "2012-10-31T11:21:29", 
         "mappoint": 24, 
         "video": 4
      }
   }, 
   {
      "pk": 85, 
      "model": "geo.tracepoint", 
      "fields": {
         "realtimestart": "2012-10-31T12:13:36", 
         "videotimeend": 105, 
         "videotimestart": 74, 
         "realtimeend": "2012-10-31T12:14:07", 
         "mappoint": 25, 
         "video": 8
      }
   }, 
   {
      "pk": 5, 
      "model": "geo.tracepoint", 
      "fields": {
         "realtimestart": "2012-10-31T13:37:03", 
         "videotimeend": 124, 
         "videotimestart": 83, 
         "realtimeend": "2012-10-31T13:37:44", 
         "mappoint": 5, 
         "video": 1
      }
   }, 
   {
      "pk": 86, 
      "model": "geo.tracepoint", 
      "fields": {
         "realtimestart": "2012-10-31T12:14:13", 
         "videotimeend": 111, 
         "videotimestart": 111, 
         "realtimeend": "2012-10-31T12:14:13", 
         "mappoint": 26, 
         "video": 8
      }
   }, 
   {
      "pk": 6, 
      "model": "geo.tracepoint", 
      "fields": {
         "realtimestart": "2012-10-31T13:37:52", 
         "videotimeend": 146, 
         "videotimestart": 132, 
         "realtimeend": "2012-10-31T13:38:06", 
         "mappoint": 6, 
         "video": 1
      }
   }, 
   {
      "pk": 7, 
      "model": "geo.tracepoint", 
      "fields": {
         "realtimestart": "2012-10-31T13:38:11", 
         "videotimeend": 160, 
         "videotimestart": 151, 
         "realtimeend": "2012-10-31T13:38:20", 
         "mappoint": 7, 
         "video": 1
      }
   }, 
   {
      "pk": 49, 
      "model": "geo.tracepoint", 
      "fields": {
         "realtimestart": "2012-10-31T11:21:35", 
         "videotimeend": 161, 
         "videotimestart": 145, 
         "realtimeend": "2012-10-31T11:21:51", 
         "mappoint": 23, 
         "video": 4
      }
   }, 
   {
      "pk": 107, 
      "model": "geo.tracepoint", 
      "fields": {
         "realtimestart": "2012-10-31T12:40:13", 
         "videotimeend": 17, 
         "videotimestart": 0, 
         "realtimeend": "2012-10-31T12:40:30", 
         "mappoint": 60, 
         "video": 9
      }
   }, 
   {
      "pk": 70, 
      "model": "geo.tracepoint", 
      "fields": {
         "realtimestart": "2012-10-31T13:27:54", 
         "videotimeend": 178, 
         "videotimestart": 142, 
         "realtimeend": "2012-10-31T13:28:30", 
         "mappoint": 43, 
         "video": 6
      }
   }, 
   {
      "pk": 60, 
      "model": "geo.tracepoint", 
      "fields": {
         "realtimestart": "2012-10-31T11:16:47", 
         "videotimeend": 141, 
         "videotimestart": 113, 
         "realtimeend": "2012-10-31T11:17:15", 
         "mappoint": 37, 
         "video": 5
      }
   }, 
   {
      "pk": 50, 
      "model": "geo.tracepoint", 
      "fields": {
         "realtimestart": "2012-10-31T11:21:56", 
         "videotimeend": 187, 
         "videotimestart": 166, 
         "realtimeend": "2012-10-31T11:22:17", 
         "mappoint": 22, 
         "video": 4
      }
   }, 
   {
      "pk": 61, 
      "model": "geo.tracepoint", 
      "fields": {
         "realtimestart": "2012-10-31T11:17:19", 
         "videotimeend": 145, 
         "videotimestart": 145, 
         "realtimeend": "2012-10-31T11:17:19", 
         "mappoint": 38, 
         "video": 5
      }
   }, 
   {
      "pk": 8, 
      "model": "geo.tracepoint", 
      "fields": {
         "realtimestart": "2012-10-31T13:38:30", 
         "videotimeend": 220, 
         "videotimestart": 170, 
         "realtimeend": "2012-10-31T13:39:20", 
         "mappoint": 8, 
         "video": 1
      }
   }, 
   {
      "pk": 79, 
      "model": "geo.tracepoint", 
      "fields": {
         "realtimestart": "2012-10-31T11:09:35", 
         "videotimeend": 141, 
         "videotimestart": 109, 
         "realtimeend": "2012-10-31T11:10:07", 
         "mappoint": 36, 
         "video": 7
      }
   }, 
   {
      "pk": 9, 
      "model": "geo.tracepoint", 
      "fields": {
         "realtimestart": "2012-10-31T13:39:24", 
         "videotimeend": 245, 
         "videotimestart": 224, 
         "realtimeend": "2012-10-31T13:39:45", 
         "mappoint": 9, 
         "video": 1
      }
   }, 
   {
      "pk": 10, 
      "model": "geo.tracepoint", 
      "fields": {
         "realtimestart": "2012-10-31T10:43:23", 
         "videotimeend": 0, 
         "videotimestart": 0, 
         "realtimeend": "2012-10-31T10:43:23", 
         "mappoint": 10, 
         "video": 2
      }
   }, 
   {
      "pk": 11, 
      "model": "geo.tracepoint", 
      "fields": {
         "realtimestart": "2012-10-31T10:44:39", 
         "videotimeend": 76, 
         "videotimestart": 76, 
         "realtimeend": "2012-10-31T10:44:39", 
         "mappoint": 11, 
         "video": 2
      }
   }, 
   {
      "pk": 12, 
      "model": "geo.tracepoint", 
      "fields": {
         "realtimestart": "2012-10-31T10:44:50", 
         "videotimeend": 87, 
         "videotimestart": 87, 
         "realtimeend": "2012-10-31T10:44:50", 
         "mappoint": 12, 
         "video": 2
      }
   }, 
   {
      "pk": 13, 
      "model": "geo.tracepoint", 
      "fields": {
         "realtimestart": "2012-10-31T10:44:55", 
         "videotimeend": 92, 
         "videotimestart": 92, 
         "realtimeend": "2012-10-31T10:44:55", 
         "mappoint": 13, 
         "video": 2
      }
   }, 
   {
      "pk": 14, 
      "model": "geo.tracepoint", 
      "fields": {
         "realtimestart": "2012-10-31T10:45:28", 
         "videotimeend": 125, 
         "videotimestart": 125, 
         "realtimeend": "2012-10-31T10:45:28", 
         "mappoint": 9, 
         "video": 2
      }
   }, 
   {
      "pk": 15, 
      "model": "geo.tracepoint", 
      "fields": {
         "realtimestart": "2012-10-31T10:45:34", 
         "videotimeend": 131, 
         "videotimestart": 131, 
         "realtimeend": "2012-10-31T10:45:34", 
         "mappoint": 8, 
         "video": 2
      }
   }, 
   {
      "pk": 16, 
      "model": "geo.tracepoint", 
      "fields": {
         "realtimestart": "2012-10-31T10:45:42", 
         "videotimeend": 139, 
         "videotimestart": 139, 
         "realtimeend": "2012-10-31T10:45:42", 
         "mappoint": 7, 
         "video": 2
      }
   }, 
   {
      "pk": 17, 
      "model": "geo.tracepoint", 
      "fields": {
         "realtimestart": "2012-10-31T10:45:56", 
         "videotimeend": 153, 
         "videotimestart": 153, 
         "realtimeend": "2012-10-31T10:45:56", 
         "mappoint": 6, 
         "video": 2
      }
   }, 
   {
      "pk": 18, 
      "model": "geo.tracepoint", 
      "fields": {
         "realtimestart": "2012-10-31T10:46:04", 
         "videotimeend": 161, 
         "videotimestart": 161, 
         "realtimeend": "2012-10-31T10:46:04", 
         "mappoint": 5, 
         "video": 2
      }
   }, 
   {
      "pk": 19, 
      "model": "geo.tracepoint", 
      "fields": {
         "realtimestart": "2012-10-31T10:46:58", 
         "videotimeend": 230, 
         "videotimestart": 215, 
         "realtimeend": "2012-10-31T10:47:13", 
         "mappoint": 4, 
         "video": 2
      }
   }, 
   {
      "pk": 20, 
      "model": "geo.tracepoint", 
      "fields": {
         "realtimestart": "2012-10-31T10:47:35", 
         "videotimeend": 252, 
         "videotimestart": 252, 
         "realtimeend": "2012-10-31T10:47:35", 
         "mappoint": 3, 
         "video": 2
      }
   }, 
   {
      "pk": 21, 
      "model": "geo.tracepoint", 
      "fields": {
         "realtimestart": "2012-10-31T10:47:43", 
         "videotimeend": 260, 
         "videotimestart": 260, 
         "realtimeend": "2012-10-31T10:47:43", 
         "mappoint": 2, 
         "video": 2
      }
   }, 
   {
      "pk": 22, 
      "model": "geo.tracepoint", 
      "fields": {
         "realtimestart": "2012-10-31T10:47:46", 
         "videotimeend": 263, 
         "videotimestart": 263, 
         "realtimeend": "2012-10-31T10:47:46", 
         "mappoint": 1, 
         "video": 2
      }
   }, 
   {
      "pk": 23, 
      "model": "geo.tracepoint", 
      "fields": {
         "realtimestart": "2012-10-31T10:52:41", 
         "videotimeend": 0, 
         "videotimestart": 0, 
         "realtimeend": "2012-10-31T10:52:41", 
         "mappoint": 14, 
         "video": 3
      }
   }, 
   {
      "pk": 24, 
      "model": "geo.tracepoint", 
      "fields": {
         "realtimestart": "2012-10-31T10:53:03", 
         "videotimeend": 22, 
         "videotimestart": 22, 
         "realtimeend": "2012-10-31T10:53:03", 
         "mappoint": 15, 
         "video": 3
      }
   }, 
   {
      "pk": 25, 
      "model": "geo.tracepoint", 
      "fields": {
         "realtimestart": "2012-10-31T10:53:09", 
         "videotimeend": 32, 
         "videotimestart": 28, 
         "realtimeend": "2012-10-31T10:53:13", 
         "mappoint": 16, 
         "video": 3
      }
   }, 
   {
      "pk": 26, 
      "model": "geo.tracepoint", 
      "fields": {
         "realtimestart": "2012-10-31T10:53:21", 
         "videotimeend": 40, 
         "videotimestart": 40, 
         "realtimeend": "2012-10-31T10:53:21", 
         "mappoint": 17, 
         "video": 3
      }
   }, 
   {
      "pk": 51, 
      "model": "geo.tracepoint", 
      "fields": {
         "realtimestart": "2012-10-31T11:22:21", 
         "videotimeend": 216, 
         "videotimestart": 191, 
         "realtimeend": "2012-10-31T11:22:46", 
         "mappoint": 21, 
         "video": 4
      }
   }, 
   {
      "pk": 27, 
      "model": "geo.tracepoint", 
      "fields": {
         "realtimestart": "2012-10-31T10:53:27", 
         "videotimeend": 58, 
         "videotimestart": 46, 
         "realtimeend": "2012-10-31T10:53:39", 
         "mappoint": 18, 
         "video": 3
      }
   }, 
   {
      "pk": 28, 
      "model": "geo.tracepoint", 
      "fields": {
         "realtimestart": "2012-10-31T10:53:48", 
         "videotimeend": 67, 
         "videotimestart": 67, 
         "realtimeend": "2012-10-31T10:53:48", 
         "mappoint": 2, 
         "video": 3
      }
   }, 
   {
      "pk": 29, 
      "model": "geo.tracepoint", 
      "fields": {
         "realtimestart": "2012-10-31T10:53:54", 
         "videotimeend": 73, 
         "videotimestart": 73, 
         "realtimeend": "2012-10-31T10:53:54", 
         "mappoint": 1, 
         "video": 3
      }
   }, 
   {
      "pk": 30, 
      "model": "geo.tracepoint", 
      "fields": {
         "realtimestart": "2012-10-31T10:54:01", 
         "videotimeend": 88, 
         "videotimestart": 80, 
         "realtimeend": "2012-10-31T10:54:09", 
         "mappoint": 19, 
         "video": 3
      }
   }, 
   {
      "pk": 31, 
      "model": "geo.tracepoint", 
      "fields": {
         "realtimestart": "2012-10-31T10:54:13", 
         "videotimeend": 108, 
         "videotimestart": 92, 
         "realtimeend": "2012-10-31T10:54:29", 
         "mappoint": 20, 
         "video": 3
      }
   }, 
   {
      "pk": 62, 
      "model": "geo.tracepoint", 
      "fields": {
         "realtimestart": "2012-10-31T11:17:24", 
         "videotimeend": 170, 
         "videotimestart": 150, 
         "realtimeend": "2012-10-31T11:17:44", 
         "mappoint": 39, 
         "video": 5
      }
   }, 
   {
      "pk": 32, 
      "model": "geo.tracepoint", 
      "fields": {
         "realtimestart": "2012-10-31T10:54:33", 
         "videotimeend": 138, 
         "videotimestart": 112, 
         "realtimeend": "2012-10-31T10:54:59", 
         "mappoint": 21, 
         "video": 3
      }
   }, 
   {
      "pk": 52, 
      "model": "geo.tracepoint", 
      "fields": {
         "realtimestart": "2012-10-31T11:22:57", 
         "videotimeend": 242, 
         "videotimestart": 227, 
         "realtimeend": "2012-10-31T11:23:12", 
         "mappoint": 20, 
         "video": 4
      }
   }, 
   {
      "pk": 33, 
      "model": "geo.tracepoint", 
      "fields": {
         "realtimestart": "2012-10-31T10:55:01", 
         "videotimeend": 159, 
         "videotimestart": 140, 
         "realtimeend": "2012-10-31T10:55:20", 
         "mappoint": 22, 
         "video": 3
      }
   }, 
   {
      "pk": 34, 
      "model": "geo.tracepoint", 
      "fields": {
         "realtimestart": "2012-10-31T10:55:25", 
         "videotimeend": 181, 
         "videotimestart": 164, 
         "realtimeend": "2012-10-31T10:55:42", 
         "mappoint": 23, 
         "video": 3
      }
   }, 
   {
      "pk": 87, 
      "model": "geo.tracepoint", 
      "fields": {
         "realtimestart": "2012-10-31T12:14:16", 
         "videotimeend": 127, 
         "videotimestart": 114, 
         "realtimeend": "2012-10-31T12:14:29", 
         "mappoint": 27, 
         "video": 8
      }
   }, 
   {
      "pk": 35, 
      "model": "geo.tracepoint", 
      "fields": {
         "realtimestart": "2012-10-31T10:55:50", 
         "videotimeend": 211, 
         "videotimestart": 189, 
         "realtimeend": "2012-10-31T10:56:12", 
         "mappoint": 24, 
         "video": 3
      }
   }, 
   {
      "pk": 63, 
      "model": "geo.tracepoint", 
      "fields": {
         "realtimestart": "2012-10-31T11:17:52", 
         "videotimeend": 188, 
         "videotimestart": 178, 
         "realtimeend": "2012-10-31T11:18:02", 
         "mappoint": 29, 
         "video": 5
      }
   }, 
   {
      "pk": 36, 
      "model": "geo.tracepoint", 
      "fields": {
         "realtimestart": "2012-10-31T10:56:22", 
         "videotimeend": 235, 
         "videotimestart": 221, 
         "realtimeend": "2012-10-31T10:56:36", 
         "mappoint": 25, 
         "video": 3
      }
   }, 
   {
      "pk": 37, 
      "model": "geo.tracepoint", 
      "fields": {
         "realtimestart": "2012-10-31T10:56:58", 
         "videotimeend": 257, 
         "videotimestart": 257, 
         "realtimeend": "2012-10-31T10:56:58", 
         "mappoint": 26, 
         "video": 3
      }
   }, 
   {
      "pk": 64, 
      "model": "geo.tracepoint", 
      "fields": {
         "realtimestart": "2012-10-31T13:25:32", 
         "videotimeend": 0, 
         "videotimestart": 0, 
         "realtimeend": "2012-10-31T13:25:32", 
         "mappoint": 7, 
         "video": 6
      }
   }, 
   {
      "pk": 38, 
      "model": "geo.tracepoint", 
      "fields": {
         "realtimestart": "2012-10-31T10:57:19", 
         "videotimeend": 294, 
         "videotimestart": 278, 
         "realtimeend": "2012-10-31T10:57:35", 
         "mappoint": 27, 
         "video": 3
      }
   }, 
   {
      "pk": 53, 
      "model": "geo.tracepoint", 
      "fields": {
         "realtimestart": "2012-10-31T11:23:16", 
         "videotimeend": 276, 
         "videotimestart": 246, 
         "realtimeend": "2012-10-31T11:23:46", 
         "mappoint": 2, 
         "video": 4
      }
   }, 
   {
      "pk": 39, 
      "model": "geo.tracepoint", 
      "fields": {
         "realtimestart": "2012-10-31T10:57:45", 
         "videotimeend": 333, 
         "videotimestart": 304, 
         "realtimeend": "2012-10-31T10:58:14", 
         "mappoint": 28, 
         "video": 3
      }
   }, 
   {
      "pk": 40, 
      "model": "geo.tracepoint", 
      "fields": {
         "realtimestart": "2012-10-31T11:19:10", 
         "videotimeend": 0, 
         "videotimestart": 0, 
         "realtimeend": "2012-10-31T11:19:10", 
         "mappoint": 29, 
         "video": 4
      }
   }, 
   {
      "pk": 103, 
      "model": "geo.tracepoint", 
      "fields": {
         "realtimestart": "2012-10-31T12:18:26", 
         "videotimeend": 378, 
         "videotimestart": 364, 
         "realtimeend": "2012-10-31T12:18:40", 
         "mappoint": 56, 
         "video": 8
      }
   }, 
   {
      "pk": 41, 
      "model": "geo.tracepoint", 
      "fields": {
         "realtimestart": "2012-10-31T11:19:22", 
         "videotimeend": 19, 
         "videotimestart": 12, 
         "realtimeend": "2012-10-31T11:19:29", 
         "mappoint": 30, 
         "video": 4
      }
   }, 
   {
      "pk": 42, 
      "model": "geo.tracepoint", 
      "fields": {
         "realtimestart": "2012-10-31T11:19:32", 
         "videotimeend": 22, 
         "videotimestart": 22, 
         "realtimeend": "2012-10-31T11:19:32", 
         "mappoint": 31, 
         "video": 4
      }
   }, 
   {
      "pk": 43, 
      "model": "geo.tracepoint", 
      "fields": {
         "realtimestart": "2012-10-31T11:19:42", 
         "videotimeend": 32, 
         "videotimestart": 32, 
         "realtimeend": "2012-10-31T11:19:42", 
         "mappoint": 32, 
         "video": 4
      }
   }, 
   {
      "pk": 99, 
      "model": "geo.tracepoint", 
      "fields": {
         "realtimestart": "2012-10-31T12:17:19", 
         "videotimeend": 315, 
         "videotimestart": 297, 
         "realtimeend": "2012-10-31T12:17:37", 
         "mappoint": 52, 
         "video": 8
      }
   }, 
   {
      "pk": 88, 
      "model": "geo.tracepoint", 
      "fields": {
         "realtimestart": "2012-10-31T12:14:39", 
         "videotimeend": 161, 
         "videotimestart": 137, 
         "realtimeend": "2012-10-31T12:15:03", 
         "mappoint": 28, 
         "video": 8
      }
   }, 
   {
      "pk": 44, 
      "model": "geo.tracepoint", 
      "fields": {
         "realtimestart": "2012-10-31T11:19:50", 
         "videotimeend": 53, 
         "videotimestart": 40, 
         "realtimeend": "2012-10-31T11:20:03", 
         "mappoint": 28, 
         "video": 4
      }
   }, 
   {
      "pk": 65, 
      "model": "geo.tracepoint", 
      "fields": {
         "realtimestart": "2012-10-31T13:25:53", 
         "videotimeend": 36, 
         "videotimestart": 21, 
         "realtimeend": "2012-10-31T13:26:08", 
         "mappoint": 6, 
         "video": 6
      }
   }, 
   {
      "pk": 54, 
      "model": "geo.tracepoint", 
      "fields": {
         "realtimestart": "2012-10-31T11:23:49", 
         "videotimeend": 302, 
         "videotimestart": 279, 
         "realtimeend": "2012-10-31T11:24:12", 
         "mappoint": 18, 
         "video": 4
      }
   }, 
   {
      "pk": 45, 
      "model": "geo.tracepoint", 
      "fields": {
         "realtimestart": "2012-10-31T11:20:10", 
         "videotimeend": 81, 
         "videotimestart": 60, 
         "realtimeend": "2012-10-31T11:20:31", 
         "mappoint": 27, 
         "video": 4
      }
   }, 
   {
      "pk": 46, 
      "model": "geo.tracepoint", 
      "fields": {
         "realtimestart": "2012-10-31T11:20:36", 
         "videotimeend": 86, 
         "videotimestart": 86, 
         "realtimeend": "2012-10-31T11:20:36", 
         "mappoint": 26, 
         "video": 4
      }
   }, 
   {
      "pk": 71, 
      "model": "geo.tracepoint", 
      "fields": {
         "realtimestart": "2012-10-31T13:28:32", 
         "videotimeend": 219, 
         "videotimestart": 180, 
         "realtimeend": "2012-10-31T13:29:11", 
         "mappoint": 44, 
         "video": 6
      }
   }, 
   {
      "pk": 55, 
      "model": "geo.tracepoint", 
      "fields": {
         "realtimestart": "2012-10-31T11:24:20", 
         "videotimeend": 316, 
         "videotimestart": 310, 
         "realtimeend": "2012-10-31T11:24:26", 
         "mappoint": 17, 
         "video": 4
      }
   }, 
   {
      "pk": 56, 
      "model": "geo.tracepoint", 
      "fields": {
         "realtimestart": "2012-10-31T11:14:54", 
         "videotimeend": 7, 
         "videotimestart": 0, 
         "realtimeend": "2012-10-31T11:15:01", 
         "mappoint": 33, 
         "video": 5
      }
   }, 
   {
      "pk": 72, 
      "model": "geo.tracepoint", 
      "fields": {
         "realtimestart": "2012-10-31T11:07:46", 
         "videotimeend": 0, 
         "videotimestart": 0, 
         "realtimeend": "2012-10-31T11:07:46", 
         "mappoint": 32, 
         "video": 7
      }
   }, 
   {
      "pk": 80, 
      "model": "geo.tracepoint", 
      "fields": {
         "realtimestart": "2012-10-31T11:10:14", 
         "videotimeend": 170, 
         "videotimestart": 148, 
         "realtimeend": "2012-10-31T11:10:36", 
         "mappoint": 35, 
         "video": 7
      }
   }, 
   {
      "pk": 73, 
      "model": "geo.tracepoint", 
      "fields": {
         "realtimestart": "2012-10-31T11:07:48", 
         "videotimeend": 8, 
         "videotimestart": 2, 
         "realtimeend": "2012-10-31T11:07:54", 
         "mappoint": 31, 
         "video": 7
      }
   }, 
   {
      "pk": 57, 
      "model": "geo.tracepoint", 
      "fields": {
         "realtimestart": "2012-10-31T11:15:08", 
         "videotimeend": 30, 
         "videotimestart": 14, 
         "realtimeend": "2012-10-31T11:15:24", 
         "mappoint": 34, 
         "video": 5
      }
   }, 
   {
      "pk": 66, 
      "model": "geo.tracepoint", 
      "fields": {
         "realtimestart": "2012-10-31T13:26:10", 
         "videotimeend": 68, 
         "videotimestart": 38, 
         "realtimeend": "2012-10-31T13:26:40", 
         "mappoint": 5, 
         "video": 6
      }
   }, 
   {
      "pk": 74, 
      "model": "geo.tracepoint", 
      "fields": {
         "realtimestart": "2012-10-31T11:08:04", 
         "videotimeend": 27, 
         "videotimestart": 18, 
         "realtimeend": "2012-10-31T11:08:13", 
         "mappoint": 30, 
         "video": 7
      }
   }, 
   {
      "pk": 89, 
      "model": "geo.tracepoint", 
      "fields": {
         "realtimestart": "2012-10-31T12:15:11", 
         "videotimeend": 169, 
         "videotimestart": 169, 
         "realtimeend": "2012-10-31T12:15:11", 
         "mappoint": 32, 
         "video": 8
      }
   }, 
   {
      "pk": 58, 
      "model": "geo.tracepoint", 
      "fields": {
         "realtimestart": "2012-10-31T11:15:28", 
         "videotimeend": 66, 
         "videotimestart": 34, 
         "realtimeend": "2012-10-31T11:16:00", 
         "mappoint": 35, 
         "video": 5
      }
   }, 
   {
      "pk": 90, 
      "model": "geo.tracepoint", 
      "fields": {
         "realtimestart": "2012-10-31T12:15:25", 
         "videotimeend": 183, 
         "videotimestart": 183, 
         "realtimeend": "2012-10-31T12:15:25", 
         "mappoint": 31, 
         "video": 8
      }
   }, 
   {
      "pk": 91, 
      "model": "geo.tracepoint", 
      "fields": {
         "realtimestart": "2012-10-31T12:15:28", 
         "videotimeend": 186, 
         "videotimestart": 186, 
         "realtimeend": "2012-10-31T12:15:28", 
         "mappoint": 30, 
         "video": 8
      }
   }, 
   {
      "pk": 75, 
      "model": "geo.tracepoint", 
      "fields": {
         "realtimestart": "2012-10-31T11:08:18", 
         "videotimeend": 56, 
         "videotimestart": 32, 
         "realtimeend": "2012-10-31T11:08:42", 
         "mappoint": 29, 
         "video": 7
      }
   }, 
   {
      "pk": 67, 
      "model": "geo.tracepoint", 
      "fields": {
         "realtimestart": "2012-10-31T13:26:47", 
         "videotimeend": 107, 
         "videotimestart": 75, 
         "realtimeend": "2012-10-31T13:27:19", 
         "mappoint": 40, 
         "video": 6
      }
   }, 
   {
      "pk": 92, 
      "model": "geo.tracepoint", 
      "fields": {
         "realtimestart": "2012-10-31T12:15:32", 
         "videotimeend": 190, 
         "videotimestart": 190, 
         "realtimeend": "2012-10-31T12:15:32", 
         "mappoint": 45, 
         "video": 8
      }
   }, 
   {
      "pk": 68, 
      "model": "geo.tracepoint", 
      "fields": {
         "realtimestart": "2012-10-31T13:27:22", 
         "videotimeend": 117, 
         "videotimestart": 110, 
         "realtimeend": "2012-10-31T13:27:29", 
         "mappoint": 41, 
         "video": 6
      }
   }, 
   {
      "pk": 93, 
      "model": "geo.tracepoint", 
      "fields": {
         "realtimestart": "2012-10-31T12:15:41", 
         "videotimeend": 199, 
         "videotimestart": 199, 
         "realtimeend": "2012-10-31T12:15:41", 
         "mappoint": 46, 
         "video": 8
      }
   }, 
   {
      "pk": 94, 
      "model": "geo.tracepoint", 
      "fields": {
         "realtimestart": "2012-10-31T12:15:47", 
         "videotimeend": 205, 
         "videotimestart": 205, 
         "realtimeend": "2012-10-31T12:15:47", 
         "mappoint": 47, 
         "video": 8
      }
   }, 
   {
      "pk": 81, 
      "model": "geo.tracepoint", 
      "fields": {
         "realtimestart": "2012-10-31T11:10:40", 
         "videotimeend": 207, 
         "videotimestart": 174, 
         "realtimeend": "2012-10-31T11:11:13", 
         "mappoint": 34, 
         "video": 7
      }
   }, 
   {
      "pk": 76, 
      "model": "geo.tracepoint", 
      "fields": {
         "realtimestart": "2012-10-31T11:08:49", 
         "videotimeend": 76, 
         "videotimestart": 63, 
         "realtimeend": "2012-10-31T11:09:02", 
         "mappoint": 39, 
         "video": 7
      }
   }, 
   {
      "pk": 77, 
      "model": "geo.tracepoint", 
      "fields": {
         "realtimestart": "2012-10-31T11:09:05", 
         "videotimeend": 79, 
         "videotimestart": 79, 
         "realtimeend": "2012-10-31T11:09:05", 
         "mappoint": 38, 
         "video": 7
      }
   }, 
   {
      "pk": 82, 
      "model": "geo.tracepoint", 
      "fields": {
         "realtimestart": "2012-10-31T11:11:26", 
         "videotimeend": 220, 
         "videotimestart": 220, 
         "realtimeend": "2012-10-31T11:11:26", 
         "mappoint": 33, 
         "video": 7
      }
   }, 
   {
      "pk": 83, 
      "model": "geo.tracepoint", 
      "fields": {
         "realtimestart": "2012-10-31T12:12:22", 
         "videotimeend": 21, 
         "videotimestart": 0, 
         "realtimeend": "2012-10-31T12:12:43", 
         "mappoint": 23, 
         "video": 8
      }
   }, 
   {
      "pk": 95, 
      "model": "geo.tracepoint", 
      "fields": {
         "realtimestart": "2012-10-31T12:15:52", 
         "videotimeend": 210, 
         "videotimestart": 210, 
         "realtimeend": "2012-10-31T12:15:52", 
         "mappoint": 48, 
         "video": 8
      }
   }, 
   {
      "pk": 84, 
      "model": "geo.tracepoint", 
      "fields": {
         "realtimestart": "2012-10-31T12:12:49", 
         "videotimeend": 69, 
         "videotimestart": 27, 
         "realtimeend": "2012-10-31T12:13:31", 
         "mappoint": 24, 
         "video": 8
      }
   }, 
   {
      "pk": 96, 
      "model": "geo.tracepoint", 
      "fields": {
         "realtimestart": "2012-10-31T12:15:58", 
         "videotimeend": 244, 
         "videotimestart": 216, 
         "realtimeend": "2012-10-31T12:16:26", 
         "mappoint": 49, 
         "video": 8
      }
   }, 
   {
      "pk": 100, 
      "model": "geo.tracepoint", 
      "fields": {
         "realtimestart": "2012-10-31T12:17:41", 
         "videotimeend": 326, 
         "videotimestart": 319, 
         "realtimeend": "2012-10-31T12:17:48", 
         "mappoint": 53, 
         "video": 8
      }
   }, 
   {
      "pk": 97, 
      "model": "geo.tracepoint", 
      "fields": {
         "realtimestart": "2012-10-31T12:16:35", 
         "videotimeend": 272, 
         "videotimestart": 253, 
         "realtimeend": "2012-10-31T12:16:54", 
         "mappoint": 50, 
         "video": 8
      }
   }, 
   {
      "pk": 101, 
      "model": "geo.tracepoint", 
      "fields": {
         "realtimestart": "2012-10-31T12:17:55", 
         "videotimeend": 333, 
         "videotimestart": 333, 
         "realtimeend": "2012-10-31T12:17:55", 
         "mappoint": 54, 
         "video": 8
      }
   }, 
   {
      "pk": 106, 
      "model": "geo.tracepoint", 
      "fields": {
         "realtimestart": "2012-10-31T12:19:53", 
         "videotimeend": 462, 
         "videotimestart": 451, 
         "realtimeend": "2012-10-31T12:20:04", 
         "mappoint": 59, 
         "video": 8
      }
   }, 
   {
      "pk": 102, 
      "model": "geo.tracepoint", 
      "fields": {
         "realtimestart": "2012-10-31T12:18:03", 
         "videotimeend": 357, 
         "videotimestart": 341, 
         "realtimeend": "2012-10-31T12:18:19", 
         "mappoint": 55, 
         "video": 8
      }
   }, 
   {
      "pk": 104, 
      "model": "geo.tracepoint", 
      "fields": {
         "realtimestart": "2012-10-31T12:18:49", 
         "videotimeend": 407, 
         "videotimestart": 387, 
         "realtimeend": "2012-10-31T12:19:09", 
         "mappoint": 57, 
         "video": 8
      }
   }, 
   {
      "pk": 108, 
      "model": "geo.tracepoint", 
      "fields": {
         "realtimestart": "2012-10-31T12:40:37", 
         "videotimeend": 24, 
         "videotimestart": 24, 
         "realtimeend": "2012-10-31T12:40:37", 
         "mappoint": 61, 
         "video": 9
      }
   }, 
   {
      "pk": 105, 
      "model": "geo.tracepoint", 
      "fields": {
         "realtimestart": "2012-10-31T12:19:17", 
         "videotimeend": 442, 
         "videotimestart": 415, 
         "realtimeend": "2012-10-31T12:19:44", 
         "mappoint": 58, 
         "video": 8
      }
   }, 
   {
      "pk": 110, 
      "model": "geo.tracepoint", 
      "fields": {
         "realtimestart": "2012-10-31T12:43:32", 
         "videotimeend": 0, 
         "videotimestart": 0, 
         "realtimeend": "2012-10-31T12:43:32", 
         "mappoint": 63, 
         "video": 10
      }
   }, 
   {
      "pk": 109, 
      "model": "geo.tracepoint", 
      "fields": {
         "realtimestart": "2012-10-31T12:40:44", 
         "videotimeend": 147, 
         "videotimestart": 31, 
         "realtimeend": "2012-10-31T12:42:40", 
         "mappoint": 62, 
         "video": 9
      }
   }, 
   {
      "pk": 111, 
      "model": "geo.tracepoint", 
      "fields": {
         "realtimestart": "2012-10-31T12:43:37", 
         "videotimeend": 13, 
         "videotimestart": 5, 
         "realtimeend": "2012-10-31T12:43:45", 
         "mappoint": 64, 
         "video": 10
      }
   }, 
   {
      "pk": 112, 
      "model": "geo.tracepoint", 
      "fields": {
         "realtimestart": "2012-10-31T12:43:59", 
         "videotimeend": 67, 
         "videotimestart": 27, 
         "realtimeend": "2012-10-31T12:44:39", 
         "mappoint": 65, 
         "video": 10
      }
   }, 
   {
      "pk": 113, 
      "model": "geo.tracepoint", 
      "fields": {
         "realtimestart": "2012-10-31T12:44:43", 
         "videotimeend": 117, 
         "videotimestart": 71, 
         "realtimeend": "2012-10-31T12:45:29", 
         "mappoint": 61, 
         "video": 10
      }
   }, 
   {
      "pk": 114, 
      "model": "geo.tracepoint", 
      "fields": {
         "realtimestart": "2012-10-31T12:45:33", 
         "videotimeend": 138, 
         "videotimestart": 121, 
         "realtimeend": "2012-10-31T12:45:50", 
         "mappoint": 60, 
         "video": 10
      }
   }, 
   {
      "pk": 1, 
      "model": "geo.tracepointconnection", 
      "fields": {
         "mapsource": 1, 
         "cost": 1, 
         "maptarget": 2, 
         "mode": 0, 
         "tracesource": 1, 
         "video": 1, 
         "tracetarget": 2
      }
   }, 
   {
      "pk": 2, 
      "model": "geo.tracepointconnection", 
      "fields": {
         "mapsource": 2, 
         "cost": 1, 
         "maptarget": 3, 
         "mode": 0, 
         "tracesource": 2, 
         "video": 1, 
         "tracetarget": 3
      }
   }, 
   {
      "pk": 3, 
      "model": "geo.tracepointconnection", 
      "fields": {
         "mapsource": 3, 
         "cost": 1, 
         "maptarget": 4, 
         "mode": 0, 
         "tracesource": 3, 
         "video": 1, 
         "tracetarget": 4
      }
   }, 
   {
      "pk": 4, 
      "model": "geo.tracepointconnection", 
      "fields": {
         "mapsource": 4, 
         "cost": 1, 
         "maptarget": 5, 
         "mode": 0, 
         "tracesource": 4, 
         "video": 1, 
         "tracetarget": 5
      }
   }, 
   {
      "pk": 5, 
      "model": "geo.tracepointconnection", 
      "fields": {
         "mapsource": 5, 
         "cost": 1, 
         "maptarget": 6, 
         "mode": 0, 
         "tracesource": 5, 
         "video": 1, 
         "tracetarget": 6
      }
   }, 
   {
      "pk": 6, 
      "model": "geo.tracepointconnection", 
      "fields": {
         "mapsource": 6, 
         "cost": 1, 
         "maptarget": 7, 
         "mode": 0, 
         "tracesource": 6, 
         "video": 1, 
         "tracetarget": 7
      }
   }, 
   {
      "pk": 7, 
      "model": "geo.tracepointconnection", 
      "fields": {
         "mapsource": 7, 
         "cost": 1, 
         "maptarget": 8, 
         "mode": 0, 
         "tracesource": 7, 
         "video": 1, 
         "tracetarget": 8
      }
   }, 
   {
      "pk": 8, 
      "model": "geo.tracepointconnection", 
      "fields": {
         "mapsource": 8, 
         "cost": 1, 
         "maptarget": 9, 
         "mode": 0, 
         "tracesource": 8, 
         "video": 1, 
         "tracetarget": 9
      }
   }, 
   {
      "pk": 9, 
      "model": "geo.tracepointconnection", 
      "fields": {
         "mapsource": 10, 
         "cost": 1, 
         "maptarget": 11, 
         "mode": 0, 
         "tracesource": 10, 
         "video": 2, 
         "tracetarget": 11
      }
   }, 
   {
      "pk": 10, 
      "model": "geo.tracepointconnection", 
      "fields": {
         "mapsource": 11, 
         "cost": 1, 
         "maptarget": 12, 
         "mode": 0, 
         "tracesource": 11, 
         "video": 2, 
         "tracetarget": 12
      }
   }, 
   {
      "pk": 11, 
      "model": "geo.tracepointconnection", 
      "fields": {
         "mapsource": 12, 
         "cost": 1, 
         "maptarget": 13, 
         "mode": 0, 
         "tracesource": 12, 
         "video": 2, 
         "tracetarget": 13
      }
   }, 
   {
      "pk": 12, 
      "model": "geo.tracepointconnection", 
      "fields": {
         "mapsource": 13, 
         "cost": 1, 
         "maptarget": 9, 
         "mode": 0, 
         "tracesource": 13, 
         "video": 2, 
         "tracetarget": 14
      }
   }, 
   {
      "pk": 13, 
      "model": "geo.tracepointconnection", 
      "fields": {
         "mapsource": 9, 
         "cost": 1, 
         "maptarget": 8, 
         "mode": 0, 
         "tracesource": 14, 
         "video": 2, 
         "tracetarget": 15
      }
   }, 
   {
      "pk": 14, 
      "model": "geo.tracepointconnection", 
      "fields": {
         "mapsource": 8, 
         "cost": 1, 
         "maptarget": 7, 
         "mode": 0, 
         "tracesource": 15, 
         "video": 2, 
         "tracetarget": 16
      }
   }, 
   {
      "pk": 15, 
      "model": "geo.tracepointconnection", 
      "fields": {
         "mapsource": 7, 
         "cost": 1, 
         "maptarget": 6, 
         "mode": 0, 
         "tracesource": 16, 
         "video": 2, 
         "tracetarget": 17
      }
   }, 
   {
      "pk": 16, 
      "model": "geo.tracepointconnection", 
      "fields": {
         "mapsource": 6, 
         "cost": 1, 
         "maptarget": 5, 
         "mode": 0, 
         "tracesource": 17, 
         "video": 2, 
         "tracetarget": 18
      }
   }, 
   {
      "pk": 17, 
      "model": "geo.tracepointconnection", 
      "fields": {
         "mapsource": 5, 
         "cost": 1, 
         "maptarget": 4, 
         "mode": 0, 
         "tracesource": 18, 
         "video": 2, 
         "tracetarget": 19
      }
   }, 
   {
      "pk": 18, 
      "model": "geo.tracepointconnection", 
      "fields": {
         "mapsource": 4, 
         "cost": 1, 
         "maptarget": 3, 
         "mode": 0, 
         "tracesource": 19, 
         "video": 2, 
         "tracetarget": 20
      }
   }, 
   {
      "pk": 19, 
      "model": "geo.tracepointconnection", 
      "fields": {
         "mapsource": 3, 
         "cost": 1, 
         "maptarget": 2, 
         "mode": 0, 
         "tracesource": 20, 
         "video": 2, 
         "tracetarget": 21
      }
   }, 
   {
      "pk": 20, 
      "model": "geo.tracepointconnection", 
      "fields": {
         "mapsource": 2, 
         "cost": 1, 
         "maptarget": 1, 
         "mode": 0, 
         "tracesource": 21, 
         "video": 2, 
         "tracetarget": 22
      }
   }, 
   {
      "pk": 21, 
      "model": "geo.tracepointconnection", 
      "fields": {
         "mapsource": 14, 
         "cost": 1, 
         "maptarget": 15, 
         "mode": 0, 
         "tracesource": 23, 
         "video": 3, 
         "tracetarget": 24
      }
   }, 
   {
      "pk": 22, 
      "model": "geo.tracepointconnection", 
      "fields": {
         "mapsource": 15, 
         "cost": 1, 
         "maptarget": 16, 
         "mode": 0, 
         "tracesource": 24, 
         "video": 3, 
         "tracetarget": 25
      }
   }, 
   {
      "pk": 23, 
      "model": "geo.tracepointconnection", 
      "fields": {
         "mapsource": 16, 
         "cost": 1, 
         "maptarget": 17, 
         "mode": 0, 
         "tracesource": 25, 
         "video": 3, 
         "tracetarget": 26
      }
   }, 
   {
      "pk": 24, 
      "model": "geo.tracepointconnection", 
      "fields": {
         "mapsource": 17, 
         "cost": 1, 
         "maptarget": 18, 
         "mode": 0, 
         "tracesource": 26, 
         "video": 3, 
         "tracetarget": 27
      }
   }, 
   {
      "pk": 25, 
      "model": "geo.tracepointconnection", 
      "fields": {
         "mapsource": 18, 
         "cost": 1, 
         "maptarget": 2, 
         "mode": 0, 
         "tracesource": 27, 
         "video": 3, 
         "tracetarget": 28
      }
   }, 
   {
      "pk": 26, 
      "model": "geo.tracepointconnection", 
      "fields": {
         "mapsource": 2, 
         "cost": 1, 
         "maptarget": 1, 
         "mode": 0, 
         "tracesource": 28, 
         "video": 3, 
         "tracetarget": 29
      }
   }, 
   {
      "pk": 27, 
      "model": "geo.tracepointconnection", 
      "fields": {
         "mapsource": 1, 
         "cost": 1, 
         "maptarget": 19, 
         "mode": 0, 
         "tracesource": 29, 
         "video": 3, 
         "tracetarget": 30
      }
   }, 
   {
      "pk": 28, 
      "model": "geo.tracepointconnection", 
      "fields": {
         "mapsource": 19, 
         "cost": 1, 
         "maptarget": 20, 
         "mode": 0, 
         "tracesource": 30, 
         "video": 3, 
         "tracetarget": 31
      }
   }, 
   {
      "pk": 29, 
      "model": "geo.tracepointconnection", 
      "fields": {
         "mapsource": 20, 
         "cost": 1, 
         "maptarget": 21, 
         "mode": 0, 
         "tracesource": 31, 
         "video": 3, 
         "tracetarget": 32
      }
   }, 
   {
      "pk": 30, 
      "model": "geo.tracepointconnection", 
      "fields": {
         "mapsource": 21, 
         "cost": 1, 
         "maptarget": 22, 
         "mode": 0, 
         "tracesource": 32, 
         "video": 3, 
         "tracetarget": 33
      }
   }, 
   {
      "pk": 31, 
      "model": "geo.tracepointconnection", 
      "fields": {
         "mapsource": 22, 
         "cost": 1, 
         "maptarget": 23, 
         "mode": 0, 
         "tracesource": 33, 
         "video": 3, 
         "tracetarget": 34
      }
   }, 
   {
      "pk": 32, 
      "model": "geo.tracepointconnection", 
      "fields": {
         "mapsource": 23, 
         "cost": 1, 
         "maptarget": 24, 
         "mode": 0, 
         "tracesource": 34, 
         "video": 3, 
         "tracetarget": 35
      }
   }, 
   {
      "pk": 33, 
      "model": "geo.tracepointconnection", 
      "fields": {
         "mapsource": 24, 
         "cost": 1, 
         "maptarget": 25, 
         "mode": 0, 
         "tracesource": 35, 
         "video": 3, 
         "tracetarget": 36
      }
   }, 
   {
      "pk": 34, 
      "model": "geo.tracepointconnection", 
      "fields": {
         "mapsource": 25, 
         "cost": 1, 
         "maptarget": 26, 
         "mode": 0, 
         "tracesource": 36, 
         "video": 3, 
         "tracetarget": 37
      }
   }, 
   {
      "pk": 35, 
      "model": "geo.tracepointconnection", 
      "fields": {
         "mapsource": 26, 
         "cost": 1, 
         "maptarget": 27, 
         "mode": 0, 
         "tracesource": 37, 
         "video": 3, 
         "tracetarget": 38
      }
   }, 
   {
      "pk": 36, 
      "model": "geo.tracepointconnection", 
      "fields": {
         "mapsource": 27, 
         "cost": 1, 
         "maptarget": 28, 
         "mode": 0, 
         "tracesource": 38, 
         "video": 3, 
         "tracetarget": 39
      }
   }, 
   {
      "pk": 37, 
      "model": "geo.tracepointconnection", 
      "fields": {
         "mapsource": 29, 
         "cost": 1, 
         "maptarget": 30, 
         "mode": 0, 
         "tracesource": 40, 
         "video": 4, 
         "tracetarget": 41
      }
   }, 
   {
      "pk": 38, 
      "model": "geo.tracepointconnection", 
      "fields": {
         "mapsource": 30, 
         "cost": 1, 
         "maptarget": 31, 
         "mode": 0, 
         "tracesource": 41, 
         "video": 4, 
         "tracetarget": 42
      }
   }, 
   {
      "pk": 39, 
      "model": "geo.tracepointconnection", 
      "fields": {
         "mapsource": 31, 
         "cost": 1, 
         "maptarget": 32, 
         "mode": 0, 
         "tracesource": 42, 
         "video": 4, 
         "tracetarget": 43
      }
   }, 
   {
      "pk": 40, 
      "model": "geo.tracepointconnection", 
      "fields": {
         "mapsource": 32, 
         "cost": 1, 
         "maptarget": 28, 
         "mode": 0, 
         "tracesource": 43, 
         "video": 4, 
         "tracetarget": 44
      }
   }, 
   {
      "pk": 41, 
      "model": "geo.tracepointconnection", 
      "fields": {
         "mapsource": 28, 
         "cost": 1, 
         "maptarget": 27, 
         "mode": 0, 
         "tracesource": 44, 
         "video": 4, 
         "tracetarget": 45
      }
   }, 
   {
      "pk": 42, 
      "model": "geo.tracepointconnection", 
      "fields": {
         "mapsource": 27, 
         "cost": 1, 
         "maptarget": 26, 
         "mode": 0, 
         "tracesource": 45, 
         "video": 4, 
         "tracetarget": 46
      }
   }, 
   {
      "pk": 43, 
      "model": "geo.tracepointconnection", 
      "fields": {
         "mapsource": 26, 
         "cost": 1, 
         "maptarget": 25, 
         "mode": 0, 
         "tracesource": 46, 
         "video": 4, 
         "tracetarget": 47
      }
   }, 
   {
      "pk": 44, 
      "model": "geo.tracepointconnection", 
      "fields": {
         "mapsource": 25, 
         "cost": 1, 
         "maptarget": 24, 
         "mode": 0, 
         "tracesource": 47, 
         "video": 4, 
         "tracetarget": 48
      }
   }, 
   {
      "pk": 45, 
      "model": "geo.tracepointconnection", 
      "fields": {
         "mapsource": 24, 
         "cost": 1, 
         "maptarget": 23, 
         "mode": 0, 
         "tracesource": 48, 
         "video": 4, 
         "tracetarget": 49
      }
   }, 
   {
      "pk": 46, 
      "model": "geo.tracepointconnection", 
      "fields": {
         "mapsource": 23, 
         "cost": 1, 
         "maptarget": 22, 
         "mode": 0, 
         "tracesource": 49, 
         "video": 4, 
         "tracetarget": 50
      }
   }, 
   {
      "pk": 47, 
      "model": "geo.tracepointconnection", 
      "fields": {
         "mapsource": 22, 
         "cost": 1, 
         "maptarget": 21, 
         "mode": 0, 
         "tracesource": 50, 
         "video": 4, 
         "tracetarget": 51
      }
   }, 
   {
      "pk": 48, 
      "model": "geo.tracepointconnection", 
      "fields": {
         "mapsource": 21, 
         "cost": 1, 
         "maptarget": 20, 
         "mode": 0, 
         "tracesource": 51, 
         "video": 4, 
         "tracetarget": 52
      }
   }, 
   {
      "pk": 49, 
      "model": "geo.tracepointconnection", 
      "fields": {
         "mapsource": 20, 
         "cost": 1, 
         "maptarget": 2, 
         "mode": 0, 
         "tracesource": 52, 
         "video": 4, 
         "tracetarget": 53
      }
   }, 
   {
      "pk": 50, 
      "model": "geo.tracepointconnection", 
      "fields": {
         "mapsource": 2, 
         "cost": 1, 
         "maptarget": 18, 
         "mode": 0, 
         "tracesource": 53, 
         "video": 4, 
         "tracetarget": 54
      }
   }, 
   {
      "pk": 51, 
      "model": "geo.tracepointconnection", 
      "fields": {
         "mapsource": 18, 
         "cost": 1, 
         "maptarget": 17, 
         "mode": 0, 
         "tracesource": 54, 
         "video": 4, 
         "tracetarget": 55
      }
   }, 
   {
      "pk": 52, 
      "model": "geo.tracepointconnection", 
      "fields": {
         "mapsource": 33, 
         "cost": 1, 
         "maptarget": 34, 
         "mode": 0, 
         "tracesource": 56, 
         "video": 5, 
         "tracetarget": 57
      }
   }, 
   {
      "pk": 53, 
      "model": "geo.tracepointconnection", 
      "fields": {
         "mapsource": 34, 
         "cost": 1, 
         "maptarget": 35, 
         "mode": 0, 
         "tracesource": 57, 
         "video": 5, 
         "tracetarget": 58
      }
   }, 
   {
      "pk": 54, 
      "model": "geo.tracepointconnection", 
      "fields": {
         "mapsource": 35, 
         "cost": 1, 
         "maptarget": 36, 
         "mode": 0, 
         "tracesource": 58, 
         "video": 5, 
         "tracetarget": 59
      }
   }, 
   {
      "pk": 55, 
      "model": "geo.tracepointconnection", 
      "fields": {
         "mapsource": 36, 
         "cost": 1, 
         "maptarget": 37, 
         "mode": 0, 
         "tracesource": 59, 
         "video": 5, 
         "tracetarget": 60
      }
   }, 
   {
      "pk": 56, 
      "model": "geo.tracepointconnection", 
      "fields": {
         "mapsource": 37, 
         "cost": 1, 
         "maptarget": 38, 
         "mode": 0, 
         "tracesource": 60, 
         "video": 5, 
         "tracetarget": 61
      }
   }, 
   {
      "pk": 57, 
      "model": "geo.tracepointconnection", 
      "fields": {
         "mapsource": 38, 
         "cost": 1, 
         "maptarget": 39, 
         "mode": 0, 
         "tracesource": 61, 
         "video": 5, 
         "tracetarget": 62
      }
   }, 
   {
      "pk": 58, 
      "model": "geo.tracepointconnection", 
      "fields": {
         "mapsource": 39, 
         "cost": 1, 
         "maptarget": 29, 
         "mode": 0, 
         "tracesource": 62, 
         "video": 5, 
         "tracetarget": 63
      }
   }, 
   {
      "pk": 59, 
      "model": "geo.tracepointconnection", 
      "fields": {
         "mapsource": 7, 
         "cost": 1, 
         "maptarget": 6, 
         "mode": 0, 
         "tracesource": 64, 
         "video": 6, 
         "tracetarget": 65
      }
   }, 
   {
      "pk": 60, 
      "model": "geo.tracepointconnection", 
      "fields": {
         "mapsource": 6, 
         "cost": 1, 
         "maptarget": 5, 
         "mode": 0, 
         "tracesource": 65, 
         "video": 6, 
         "tracetarget": 66
      }
   }, 
   {
      "pk": 61, 
      "model": "geo.tracepointconnection", 
      "fields": {
         "mapsource": 5, 
         "cost": 1, 
         "maptarget": 40, 
         "mode": 0, 
         "tracesource": 66, 
         "video": 6, 
         "tracetarget": 67
      }
   }, 
   {
      "pk": 62, 
      "model": "geo.tracepointconnection", 
      "fields": {
         "mapsource": 40, 
         "cost": 1, 
         "maptarget": 41, 
         "mode": 0, 
         "tracesource": 67, 
         "video": 6, 
         "tracetarget": 68
      }
   }, 
   {
      "pk": 63, 
      "model": "geo.tracepointconnection", 
      "fields": {
         "mapsource": 41, 
         "cost": 1, 
         "maptarget": 42, 
         "mode": 0, 
         "tracesource": 68, 
         "video": 6, 
         "tracetarget": 69
      }
   }, 
   {
      "pk": 64, 
      "model": "geo.tracepointconnection", 
      "fields": {
         "mapsource": 42, 
         "cost": 1, 
         "maptarget": 43, 
         "mode": 0, 
         "tracesource": 69, 
         "video": 6, 
         "tracetarget": 70
      }
   }, 
   {
      "pk": 65, 
      "model": "geo.tracepointconnection", 
      "fields": {
         "mapsource": 43, 
         "cost": 1, 
         "maptarget": 44, 
         "mode": 0, 
         "tracesource": 70, 
         "video": 6, 
         "tracetarget": 71
      }
   }, 
   {
      "pk": 66, 
      "model": "geo.tracepointconnection", 
      "fields": {
         "mapsource": 32, 
         "cost": 1, 
         "maptarget": 31, 
         "mode": 0, 
         "tracesource": 72, 
         "video": 7, 
         "tracetarget": 73
      }
   }, 
   {
      "pk": 67, 
      "model": "geo.tracepointconnection", 
      "fields": {
         "mapsource": 31, 
         "cost": 1, 
         "maptarget": 30, 
         "mode": 0, 
         "tracesource": 73, 
         "video": 7, 
         "tracetarget": 74
      }
   }, 
   {
      "pk": 68, 
      "model": "geo.tracepointconnection", 
      "fields": {
         "mapsource": 30, 
         "cost": 1, 
         "maptarget": 29, 
         "mode": 0, 
         "tracesource": 74, 
         "video": 7, 
         "tracetarget": 75
      }
   }, 
   {
      "pk": 69, 
      "model": "geo.tracepointconnection", 
      "fields": {
         "mapsource": 29, 
         "cost": 1, 
         "maptarget": 39, 
         "mode": 0, 
         "tracesource": 75, 
         "video": 7, 
         "tracetarget": 76
      }
   }, 
   {
      "pk": 70, 
      "model": "geo.tracepointconnection", 
      "fields": {
         "mapsource": 39, 
         "cost": 1, 
         "maptarget": 38, 
         "mode": 0, 
         "tracesource": 76, 
         "video": 7, 
         "tracetarget": 77
      }
   }, 
   {
      "pk": 71, 
      "model": "geo.tracepointconnection", 
      "fields": {
         "mapsource": 38, 
         "cost": 1, 
         "maptarget": 37, 
         "mode": 0, 
         "tracesource": 77, 
         "video": 7, 
         "tracetarget": 78
      }
   }, 
   {
      "pk": 72, 
      "model": "geo.tracepointconnection", 
      "fields": {
         "mapsource": 37, 
         "cost": 1, 
         "maptarget": 36, 
         "mode": 0, 
         "tracesource": 78, 
         "video": 7, 
         "tracetarget": 79
      }
   }, 
   {
      "pk": 73, 
      "model": "geo.tracepointconnection", 
      "fields": {
         "mapsource": 36, 
         "cost": 1, 
         "maptarget": 35, 
         "mode": 0, 
         "tracesource": 79, 
         "video": 7, 
         "tracetarget": 80
      }
   }, 
   {
      "pk": 74, 
      "model": "geo.tracepointconnection", 
      "fields": {
         "mapsource": 35, 
         "cost": 1, 
         "maptarget": 34, 
         "mode": 0, 
         "tracesource": 80, 
         "video": 7, 
         "tracetarget": 81
      }
   }, 
   {
      "pk": 75, 
      "model": "geo.tracepointconnection", 
      "fields": {
         "mapsource": 34, 
         "cost": 1, 
         "maptarget": 33, 
         "mode": 0, 
         "tracesource": 81, 
         "video": 7, 
         "tracetarget": 82
      }
   }, 
   {
      "pk": 76, 
      "model": "geo.tracepointconnection", 
      "fields": {
         "mapsource": 23, 
         "cost": 1, 
         "maptarget": 24, 
         "mode": 0, 
         "tracesource": 83, 
         "video": 8, 
         "tracetarget": 84
      }
   }, 
   {
      "pk": 77, 
      "model": "geo.tracepointconnection", 
      "fields": {
         "mapsource": 24, 
         "cost": 1, 
         "maptarget": 25, 
         "mode": 0, 
         "tracesource": 84, 
         "video": 8, 
         "tracetarget": 85
      }
   }, 
   {
      "pk": 78, 
      "model": "geo.tracepointconnection", 
      "fields": {
         "mapsource": 25, 
         "cost": 1, 
         "maptarget": 26, 
         "mode": 0, 
         "tracesource": 85, 
         "video": 8, 
         "tracetarget": 86
      }
   }, 
   {
      "pk": 79, 
      "model": "geo.tracepointconnection", 
      "fields": {
         "mapsource": 26, 
         "cost": 1, 
         "maptarget": 27, 
         "mode": 0, 
         "tracesource": 86, 
         "video": 8, 
         "tracetarget": 87
      }
   }, 
   {
      "pk": 80, 
      "model": "geo.tracepointconnection", 
      "fields": {
         "mapsource": 27, 
         "cost": 1, 
         "maptarget": 28, 
         "mode": 0, 
         "tracesource": 87, 
         "video": 8, 
         "tracetarget": 88
      }
   }, 
   {
      "pk": 81, 
      "model": "geo.tracepointconnection", 
      "fields": {
         "mapsource": 28, 
         "cost": 1, 
         "maptarget": 32, 
         "mode": 0, 
         "tracesource": 88, 
         "video": 8, 
         "tracetarget": 89
      }
   }, 
   {
      "pk": 82, 
      "model": "geo.tracepointconnection", 
      "fields": {
         "mapsource": 32, 
         "cost": 1, 
         "maptarget": 31, 
         "mode": 0, 
         "tracesource": 89, 
         "video": 8, 
         "tracetarget": 90
      }
   }, 
   {
      "pk": 83, 
      "model": "geo.tracepointconnection", 
      "fields": {
         "mapsource": 31, 
         "cost": 1, 
         "maptarget": 30, 
         "mode": 0, 
         "tracesource": 90, 
         "video": 8, 
         "tracetarget": 91
      }
   }, 
   {
      "pk": 84, 
      "model": "geo.tracepointconnection", 
      "fields": {
         "mapsource": 30, 
         "cost": 1, 
         "maptarget": 45, 
         "mode": 0, 
         "tracesource": 91, 
         "video": 8, 
         "tracetarget": 92
      }
   }, 
   {
      "pk": 85, 
      "model": "geo.tracepointconnection", 
      "fields": {
         "mapsource": 45, 
         "cost": 1, 
         "maptarget": 46, 
         "mode": 0, 
         "tracesource": 92, 
         "video": 8, 
         "tracetarget": 93
      }
   }, 
   {
      "pk": 86, 
      "model": "geo.tracepointconnection", 
      "fields": {
         "mapsource": 46, 
         "cost": 1, 
         "maptarget": 47, 
         "mode": 0, 
         "tracesource": 93, 
         "video": 8, 
         "tracetarget": 94
      }
   }, 
   {
      "pk": 87, 
      "model": "geo.tracepointconnection", 
      "fields": {
         "mapsource": 47, 
         "cost": 1, 
         "maptarget": 48, 
         "mode": 0, 
         "tracesource": 94, 
         "video": 8, 
         "tracetarget": 95
      }
   }, 
   {
      "pk": 88, 
      "model": "geo.tracepointconnection", 
      "fields": {
         "mapsource": 48, 
         "cost": 1, 
         "maptarget": 49, 
         "mode": 0, 
         "tracesource": 95, 
         "video": 8, 
         "tracetarget": 96
      }
   }, 
   {
      "pk": 89, 
      "model": "geo.tracepointconnection", 
      "fields": {
         "mapsource": 49, 
         "cost": 1, 
         "maptarget": 50, 
         "mode": 0, 
         "tracesource": 96, 
         "video": 8, 
         "tracetarget": 97
      }
   }, 
   {
      "pk": 90, 
      "model": "geo.tracepointconnection", 
      "fields": {
         "mapsource": 50, 
         "cost": 1, 
         "maptarget": 51, 
         "mode": 0, 
         "tracesource": 97, 
         "video": 8, 
         "tracetarget": 98
      }
   }, 
   {
      "pk": 91, 
      "model": "geo.tracepointconnection", 
      "fields": {
         "mapsource": 51, 
         "cost": 1, 
         "maptarget": 52, 
         "mode": 0, 
         "tracesource": 98, 
         "video": 8, 
         "tracetarget": 99
      }
   }, 
   {
      "pk": 92, 
      "model": "geo.tracepointconnection", 
      "fields": {
         "mapsource": 52, 
         "cost": 1, 
         "maptarget": 53, 
         "mode": 0, 
         "tracesource": 99, 
         "video": 8, 
         "tracetarget": 100
      }
   }, 
   {
      "pk": 93, 
      "model": "geo.tracepointconnection", 
      "fields": {
         "mapsource": 53, 
         "cost": 1, 
         "maptarget": 54, 
         "mode": 0, 
         "tracesource": 100, 
         "video": 8, 
         "tracetarget": 101
      }
   }, 
   {
      "pk": 94, 
      "model": "geo.tracepointconnection", 
      "fields": {
         "mapsource": 54, 
         "cost": 1, 
         "maptarget": 55, 
         "mode": 0, 
         "tracesource": 101, 
         "video": 8, 
         "tracetarget": 102
      }
   }, 
   {
      "pk": 95, 
      "model": "geo.tracepointconnection", 
      "fields": {
         "mapsource": 55, 
         "cost": 1, 
         "maptarget": 56, 
         "mode": 0, 
         "tracesource": 102, 
         "video": 8, 
         "tracetarget": 103
      }
   }, 
   {
      "pk": 96, 
      "model": "geo.tracepointconnection", 
      "fields": {
         "mapsource": 56, 
         "cost": 1, 
         "maptarget": 57, 
         "mode": 0, 
         "tracesource": 103, 
         "video": 8, 
         "tracetarget": 104
      }
   }, 
   {
      "pk": 97, 
      "model": "geo.tracepointconnection", 
      "fields": {
         "mapsource": 57, 
         "cost": 1, 
         "maptarget": 58, 
         "mode": 0, 
         "tracesource": 104, 
         "video": 8, 
         "tracetarget": 105
      }
   }, 
   {
      "pk": 98, 
      "model": "geo.tracepointconnection", 
      "fields": {
         "mapsource": 58, 
         "cost": 1, 
         "maptarget": 59, 
         "mode": 0, 
         "tracesource": 105, 
         "video": 8, 
         "tracetarget": 106
      }
   }, 
   {
      "pk": 99, 
      "model": "geo.tracepointconnection", 
      "fields": {
         "mapsource": 60, 
         "cost": 1, 
         "maptarget": 61, 
         "mode": 0, 
         "tracesource": 107, 
         "video": 9, 
         "tracetarget": 108
      }
   }, 
   {
      "pk": 100, 
      "model": "geo.tracepointconnection", 
      "fields": {
         "mapsource": 61, 
         "cost": 1, 
         "maptarget": 62, 
         "mode": 0, 
         "tracesource": 108, 
         "video": 9, 
         "tracetarget": 109
      }
   }, 
   {
      "pk": 101, 
      "model": "geo.tracepointconnection", 
      "fields": {
         "mapsource": 63, 
         "cost": 1, 
         "maptarget": 64, 
         "mode": 0, 
         "tracesource": 110, 
         "video": 10, 
         "tracetarget": 111
      }
   }, 
   {
      "pk": 102, 
      "model": "geo.tracepointconnection", 
      "fields": {
         "mapsource": 64, 
         "cost": 1, 
         "maptarget": 65, 
         "mode": 0, 
         "tracesource": 111, 
         "video": 10, 
         "tracetarget": 112
      }
   }, 
   {
      "pk": 103, 
      "model": "geo.tracepointconnection", 
      "fields": {
         "mapsource": 65, 
         "cost": 1, 
         "maptarget": 61, 
         "mode": 0, 
         "tracesource": 112, 
         "video": 10, 
         "tracetarget": 113
      }
   }, 
   {
      "pk": 104, 
      "model": "geo.tracepointconnection", 
      "fields": {
         "mapsource": 61, 
         "cost": 1, 
         "maptarget": 60, 
         "mode": 0, 
         "tracesource": 113, 
         "video": 10, 
         "tracetarget": 114
      }
   }, 
   {
      "pk": 1, 
      "model": "geo.mappointconnection", 
      "fields": {
         "mapsource": 30, 
         "cost": 20, 
         "maptarget": 60
      }
   }, 
   {
      "pk": 2, 
      "model": "geo.mappointconnection", 
      "fields": {
         "mapsource": 60, 
         "cost": 20, 
         "maptarget": 30
      }
   }
]